,NodeEvalStreamOffset,335 + 6nx{3..300000}
,NodeCounter,335 + 6nx{3..300000}
Â‚,NodeGtInlined,336 + 6nx{3..300000}
l,NodeSub,335 + 6nx{3..300000}
Âƒ,NodeLtInlined,336 + 6nx{3..300000}
n,NodeAnd,337 + 6nx{3..300000}
,NodeInput,4
Â±,NodeFIFO,9
Â²,NodeFIFO,60 + 2nx{3..300000}
7,NodeStreamOffset,168 + 3nx{3..300000}
,NodeInput,4
Â³,NodeFIFO,9
Â´,NodeFIFO,60 + 2nx{3..300000}
8,NodeStreamOffset,168 + 3nx{3..300000}
9,NodeMul,165 + 6nx{3..300000}
:,NodeStreamOffset,162 + 3nx{3..300000}
;,NodeStreamOffset,162 + 3nx{3..300000}
<,NodeMul,165 + 6nx{3..300000}
=,NodeAdd,173 + 6nx{3..300000}
?,NodeMul,184 + 6nx{3..300000}
@,NodeStreamOffset,167 + 3nx{3..300000}
A,NodeStreamOffset,167 + 3nx{3..300000}
B,NodeMul,165 + 6nx{3..300000}
C,NodeStreamOffset,163 + 3nx{3..300000}
D,NodeStreamOffset,163 + 3nx{3..300000}
E,NodeMul,165 + 6nx{3..300000}
F,NodeAdd,173 + 6nx{3..300000}
H,NodeMul,184 + 6nx{3..300000}
I,NodeSub,192 + 6nx{3..300000}
J,NodeStreamOffset,177 + 3nx{3..300000}
K,NodeStreamOffset,177 + 3nx{3..300000}
L,NodeMul,176 + 6nx{3..300000}
M,NodeStreamOffset,175 + 3nx{3..300000}
N,NodeStreamOffset,175 + 3nx{3..300000}
O,NodeMul,176 + 6nx{3..300000}
P,NodeAdd,184 + 6nx{3..300000}
R,NodeMul,195 + 6nx{3..300000}
S,NodeAdd,203 + 6nx{3..300000}
,NodeStreamOffset,177 + 3nx{3..300000}
,NodeStreamOffset,177 + 3nx{3..300000}
T,NodeMul,198 + 6nx{3..300000}
V,NodeMul,206 + 6nx{3..300000}
W,NodeSub,214 + 6nx{3..300000}
Âµ,NodeFIFO,87 + 3nx{3..300000}
Â¶,NodeFIFO,87 + 3nx{3..300000}
,NodeMul,114 + 4nx{3..300000}
Â·,NodeFIFO,122 + 4nx{3..300000}
,NodeStreamOffset,9
,NodeStreamOffset,9
,NodeMul,9 + 6nx{3..300000}
,NodeAdd,173 + 6nx{3..300000}
,NodeMul,184 + 6nx{3..300000}
,NodeStreamOffset,114 + 4nx{3..300000}
 ,NodeStreamOffset,114 + 4nx{3..300000}
!,NodeMul,114 + 5nx{3..300000}
",NodeStreamOffset,9
#,NodeStreamOffset,9
$,NodeMul,9 + 5nx{3..300000}
%,NodeAdd,122 + 5nx{3..300000}
',NodeMul,133 + 5nx{3..300000}
Â¸,NodeFIFO,141 + 5nx{3..300000}
(,NodeSub,192 + 6nx{3..300000}
),NodeStreamOffset,114 + 4nx{3..300000}
*,NodeStreamOffset,114 + 4nx{3..300000}
+,NodeMul,114 + 6nx{3..300000}
,,NodeStreamOffset,60 + 2nx{3..300000}
-,NodeStreamOffset,60 + 2nx{3..300000}
.,NodeMul,60 + 6nx{3..300000}
/,NodeAdd,122 + 6nx{3..300000}
1,NodeMul,133 + 6nx{3..300000}
2,NodeAdd,203 + 6nx{3..300000}
5,NodeMul,206 + 6nx{3..300000}
6,NodeSub,214 + 6nx{3..300000}
X,NodeAdd,225 + 6nx{3..300000}
Y,NodeMul,236 + 6nx{3..300000}
	,NodeInput,239 + 6nx{3..300000}
Z,NodeMul,244 + 6nx{3..300000}
[,NodeMul,252 + 6nx{3..300000}
\,NodeDiv,260 + 6nx{3..300000}
,NodeInput,256 + 6nx{3..300000}
],NodeMul,261 + 6nx{3..300000}
_,NodeSub,269 + 6nx{3..300000}
`,NodeMul,280 + 6nx{3..300000}
a,NodeAdd,288 + 6nx{3..300000}
c,NodeSub,280 + 6nx{3..300000}
,NodeInput,286 + 6nx{3..300000}
d,NodeMul,291 + 6nx{3..300000}
e,NodeSub,299 + 6nx{3..300000}
g,NodeAdd,280 + 6nx{3..300000}
h,NodeDiv,310 + 6nx{3..300000}
p,NodeMux,338 + 6nx{3..300000}
u,NodeOutput,339 + 6nx{3..300000}
x,NodeCounter,3
y,NodeStreamOffset,3
{,NodeOutputMappedReg,4
~,NodeCounter,0
Â„,NodeEqInlined,0
,NodeFlush,1
